<annotation>
	<folder>train</folder>
	<filename>w6.jpeg</filename>
	<path>C:\Users\Mirco\Documents\Tensorflow\workspace\training_demo\images\train\w6.jpeg</path>
	<source>
		<database>Unknown</database>
	</source>
	<size>
		<width>512</width>
		<height>512</height>
		<depth>3</depth>
	</size>
	<segmented>0</segmented>
	<object>
		<name>wheat</name>
		<pose>Unspecified</pose>
		<truncated>0</truncated>
		<difficult>0</difficult>
		<bndbox>
			<xmin>314</xmin>
			<ymin>185</ymin>
			<xmax>374</xmax>
			<ymax>292</ymax>
		</bndbox>
	</object>
	<object>
		<name>wheat</name>
		<pose>Unspecified</pose>
		<truncated>0</truncated>
		<difficult>0</difficult>
		<bndbox>
			<xmin>363</xmin>
			<ymin>211</ymin>
			<xmax>489</xmax>
			<ymax>274</ymax>
		</bndbox>
	</object>
</annotation>
