<annotation>
	<folder>train</folder>
	<filename>w77.jpeg</filename>
	<path>C:\Users\Mirco\Documents\Tensorflow\workspace\training_demo\images\train\w77.jpeg</path>
	<source>
		<database>Unknown</database>
	</source>
	<size>
		<width>512</width>
		<height>512</height>
		<depth>3</depth>
	</size>
	<segmented>0</segmented>
	<object>
		<name>wheat</name>
		<pose>Unspecified</pose>
		<truncated>0</truncated>
		<difficult>0</difficult>
		<bndbox>
			<xmin>206</xmin>
			<ymin>165</ymin>
			<xmax>309</xmax>
			<ymax>235</ymax>
		</bndbox>
	</object>
	<object>
		<name>wheat</name>
		<pose>Unspecified</pose>
		<truncated>0</truncated>
		<difficult>0</difficult>
		<bndbox>
			<xmin>166</xmin>
			<ymin>253</ymin>
			<xmax>265</xmax>
			<ymax>316</ymax>
		</bndbox>
	</object>
</annotation>
