<annotation>
	<folder>train</folder>
	<filename>r10.jpeg</filename>
	<path>C:\Users\Mirco\Documents\Tensorflow\workspace\training_demo\images\train\r10.jpeg</path>
	<source>
		<database>Unknown</database>
	</source>
	<size>
		<width>512</width>
		<height>512</height>
		<depth>3</depth>
	</size>
	<segmented>0</segmented>
	<object>
		<name>roggen</name>
		<pose>Unspecified</pose>
		<truncated>0</truncated>
		<difficult>0</difficult>
		<bndbox>
			<xmin>216</xmin>
			<ymin>118</ymin>
			<xmax>262</xmax>
			<ymax>256</ymax>
		</bndbox>
	</object>
	<object>
		<name>roggen</name>
		<pose>Unspecified</pose>
		<truncated>0</truncated>
		<difficult>0</difficult>
		<bndbox>
			<xmin>7</xmin>
			<ymin>63</ymin>
			<xmax>103</xmax>
			<ymax>110</ymax>
		</bndbox>
	</object>
</annotation>
