<annotation>
	<folder>train</folder>
	<filename>r35.jpeg</filename>
	<path>C:\Users\Mirco\Documents\Tensorflow\workspace\training_demo\images\train\r35.jpeg</path>
	<source>
		<database>Unknown</database>
	</source>
	<size>
		<width>512</width>
		<height>512</height>
		<depth>3</depth>
	</size>
	<segmented>0</segmented>
	<object>
		<name>roggen</name>
		<pose>Unspecified</pose>
		<truncated>0</truncated>
		<difficult>0</difficult>
		<bndbox>
			<xmin>197</xmin>
			<ymin>169</ymin>
			<xmax>257</xmax>
			<ymax>305</ymax>
		</bndbox>
	</object>
	<object>
		<name>roggen</name>
		<pose>Unspecified</pose>
		<truncated>0</truncated>
		<difficult>0</difficult>
		<bndbox>
			<xmin>261</xmin>
			<ymin>220</ymin>
			<xmax>380</xmax>
			<ymax>278</ymax>
		</bndbox>
	</object>
	<object>
		<name>roggen</name>
		<pose>Unspecified</pose>
		<truncated>0</truncated>
		<difficult>0</difficult>
		<bndbox>
			<xmin>197</xmin>
			<ymin>322</ymin>
			<xmax>307</xmax>
			<ymax>364</ymax>
		</bndbox>
	</object>
</annotation>
