<annotation>
	<folder>train</folder>
	<filename>r46.jpeg</filename>
	<path>C:\Users\Mirco\Documents\Tensorflow\workspace\training_demo\images\train\r46.jpeg</path>
	<source>
		<database>Unknown</database>
	</source>
	<size>
		<width>512</width>
		<height>512</height>
		<depth>3</depth>
	</size>
	<segmented>0</segmented>
	<object>
		<name>roggen</name>
		<pose>Unspecified</pose>
		<truncated>0</truncated>
		<difficult>0</difficult>
		<bndbox>
			<xmin>282</xmin>
			<ymin>194</ymin>
			<xmax>334</xmax>
			<ymax>321</ymax>
		</bndbox>
	</object>
	<object>
		<name>roggen</name>
		<pose>Unspecified</pose>
		<truncated>0</truncated>
		<difficult>0</difficult>
		<bndbox>
			<xmin>307</xmin>
			<ymin>121</ymin>
			<xmax>397</xmax>
			<ymax>220</ymax>
		</bndbox>
	</object>
	<object>
		<name>roggen</name>
		<pose>Unspecified</pose>
		<truncated>0</truncated>
		<difficult>0</difficult>
		<bndbox>
			<xmin>183</xmin>
			<ymin>220</ymin>
			<xmax>284</xmax>
			<ymax>284</ymax>
		</bndbox>
	</object>
	<object>
		<name>roggen</name>
		<pose>Unspecified</pose>
		<truncated>0</truncated>
		<difficult>0</difficult>
		<bndbox>
			<xmin>306</xmin>
			<ymin>310</ymin>
			<xmax>405</xmax>
			<ymax>368</ymax>
		</bndbox>
	</object>
</annotation>
