<annotation>
	<folder>train</folder>
	<filename>r49.jpeg</filename>
	<path>C:\Users\Mirco\Documents\Tensorflow\workspace\training_demo\images\train\r49.jpeg</path>
	<source>
		<database>Unknown</database>
	</source>
	<size>
		<width>512</width>
		<height>512</height>
		<depth>3</depth>
	</size>
	<segmented>0</segmented>
	<object>
		<name>roggen</name>
		<pose>Unspecified</pose>
		<truncated>0</truncated>
		<difficult>0</difficult>
		<bndbox>
			<xmin>218</xmin>
			<ymin>182</ymin>
			<xmax>335</xmax>
			<ymax>256</ymax>
		</bndbox>
	</object>
	<object>
		<name>roggen</name>
		<pose>Unspecified</pose>
		<truncated>0</truncated>
		<difficult>0</difficult>
		<bndbox>
			<xmin>137</xmin>
			<ymin>140</ymin>
			<xmax>253</xmax>
			<ymax>199</ymax>
		</bndbox>
	</object>
	<object>
		<name>roggen</name>
		<pose>Unspecified</pose>
		<truncated>0</truncated>
		<difficult>0</difficult>
		<bndbox>
			<xmin>80</xmin>
			<ymin>195</ymin>
			<xmax>182</xmax>
			<ymax>255</ymax>
		</bndbox>
	</object>
	<object>
		<name>roggen</name>
		<pose>Unspecified</pose>
		<truncated>0</truncated>
		<difficult>0</difficult>
		<bndbox>
			<xmin>208</xmin>
			<ymin>253</ymin>
			<xmax>317</xmax>
			<ymax>325</ymax>
		</bndbox>
	</object>
</annotation>
