<annotation>
	<folder>train</folder>
	<filename>r63.jpeg</filename>
	<path>C:\Users\Mirco\Documents\Tensorflow\workspace\training_demo\images\train\r63.jpeg</path>
	<source>
		<database>Unknown</database>
	</source>
	<size>
		<width>512</width>
		<height>512</height>
		<depth>3</depth>
	</size>
	<segmented>0</segmented>
	<object>
		<name>roggen</name>
		<pose>Unspecified</pose>
		<truncated>0</truncated>
		<difficult>0</difficult>
		<bndbox>
			<xmin>241</xmin>
			<ymin>201</ymin>
			<xmax>363</xmax>
			<ymax>276</ymax>
		</bndbox>
	</object>
	<object>
		<name>roggen</name>
		<pose>Unspecified</pose>
		<truncated>0</truncated>
		<difficult>0</difficult>
		<bndbox>
			<xmin>189</xmin>
			<ymin>261</ymin>
			<xmax>297</xmax>
			<ymax>353</ymax>
		</bndbox>
	</object>
</annotation>
