<annotation>
	<folder>train</folder>
	<filename>t12.jpeg</filename>
	<path>C:\Users\Mirco\Documents\Tensorflow\workspace\training_demo\images\train\t12.jpeg</path>
	<source>
		<database>Unknown</database>
	</source>
	<size>
		<width>512</width>
		<height>512</height>
		<depth>3</depth>
	</size>
	<segmented>0</segmented>
	<object>
		<name>triticale</name>
		<pose>Unspecified</pose>
		<truncated>0</truncated>
		<difficult>0</difficult>
		<bndbox>
			<xmin>167</xmin>
			<ymin>126</ymin>
			<xmax>265</xmax>
			<ymax>184</ymax>
		</bndbox>
	</object>
	<object>
		<name>triticale</name>
		<pose>Unspecified</pose>
		<truncated>0</truncated>
		<difficult>0</difficult>
		<bndbox>
			<xmin>148</xmin>
			<ymin>188</ymin>
			<xmax>246</xmax>
			<ymax>283</ymax>
		</bndbox>
	</object>
</annotation>
