<annotation>
	<folder>train</folder>
	<filename>t17.jpeg</filename>
	<path>C:\Users\Mirco\Documents\Tensorflow\workspace\training_demo\images\train\t17.jpeg</path>
	<source>
		<database>Unknown</database>
	</source>
	<size>
		<width>512</width>
		<height>512</height>
		<depth>3</depth>
	</size>
	<segmented>0</segmented>
	<object>
		<name>triticale</name>
		<pose>Unspecified</pose>
		<truncated>0</truncated>
		<difficult>0</difficult>
		<bndbox>
			<xmin>192</xmin>
			<ymin>172</ymin>
			<xmax>279</xmax>
			<ymax>291</ymax>
		</bndbox>
	</object>
	<object>
		<name>triticale</name>
		<pose>Unspecified</pose>
		<truncated>0</truncated>
		<difficult>0</difficult>
		<bndbox>
			<xmin>230</xmin>
			<ymin>334</ymin>
			<xmax>295</xmax>
			<ymax>443</ymax>
		</bndbox>
	</object>
</annotation>
