<annotation>
	<folder>train</folder>
	<filename>t38.jpeg</filename>
	<path>C:\Users\Mirco\Documents\Tensorflow\workspace\training_demo\images\train\t38.jpeg</path>
	<source>
		<database>Unknown</database>
	</source>
	<size>
		<width>512</width>
		<height>512</height>
		<depth>3</depth>
	</size>
	<segmented>0</segmented>
	<object>
		<name>triticale</name>
		<pose>Unspecified</pose>
		<truncated>0</truncated>
		<difficult>0</difficult>
		<bndbox>
			<xmin>170</xmin>
			<ymin>225</ymin>
			<xmax>217</xmax>
			<ymax>345</ymax>
		</bndbox>
	</object>
	<object>
		<name>triticale</name>
		<pose>Unspecified</pose>
		<truncated>0</truncated>
		<difficult>0</difficult>
		<bndbox>
			<xmin>224</xmin>
			<ymin>205</ymin>
			<xmax>338</xmax>
			<ymax>256</ymax>
		</bndbox>
	</object>
	<object>
		<name>triticale</name>
		<pose>Unspecified</pose>
		<truncated>0</truncated>
		<difficult>0</difficult>
		<bndbox>
			<xmin>208</xmin>
			<ymin>317</ymin>
			<xmax>302</xmax>
			<ymax>393</ymax>
		</bndbox>
	</object>
</annotation>
