<annotation>
	<folder>train</folder>
	<filename>t47.jpeg</filename>
	<path>C:\Users\Mirco\Documents\Tensorflow\workspace\training_demo\images\train\t47.jpeg</path>
	<source>
		<database>Unknown</database>
	</source>
	<size>
		<width>512</width>
		<height>512</height>
		<depth>3</depth>
	</size>
	<segmented>0</segmented>
	<object>
		<name>triticale</name>
		<pose>Unspecified</pose>
		<truncated>0</truncated>
		<difficult>0</difficult>
		<bndbox>
			<xmin>300</xmin>
			<ymin>147</ymin>
			<xmax>387</xmax>
			<ymax>261</ymax>
		</bndbox>
	</object>
	<object>
		<name>triticale</name>
		<pose>Unspecified</pose>
		<truncated>0</truncated>
		<difficult>0</difficult>
		<bndbox>
			<xmin>209</xmin>
			<ymin>242</ymin>
			<xmax>353</xmax>
			<ymax>311</ymax>
		</bndbox>
	</object>
	<object>
		<name>triticale</name>
		<pose>Unspecified</pose>
		<truncated>1</truncated>
		<difficult>0</difficult>
		<bndbox>
			<xmin>1</xmin>
			<ymin>254</ymin>
			<xmax>155</xmax>
			<ymax>333</ymax>
		</bndbox>
	</object>
	<object>
		<name>triticale</name>
		<pose>Unspecified</pose>
		<truncated>0</truncated>
		<difficult>0</difficult>
		<bndbox>
			<xmin>106</xmin>
			<ymin>308</ymin>
			<xmax>222</xmax>
			<ymax>405</ymax>
		</bndbox>
	</object>
</annotation>
