<annotation>
	<folder>train</folder>
	<filename>t52.jpeg</filename>
	<path>C:\Users\Mirco\Documents\Tensorflow\workspace\training_demo\images\train\t52.jpeg</path>
	<source>
		<database>Unknown</database>
	</source>
	<size>
		<width>512</width>
		<height>512</height>
		<depth>3</depth>
	</size>
	<segmented>0</segmented>
	<object>
		<name>triticale</name>
		<pose>Unspecified</pose>
		<truncated>0</truncated>
		<difficult>0</difficult>
		<bndbox>
			<xmin>2</xmin>
			<ymin>11</ymin>
			<xmax>164</xmax>
			<ymax>55</ymax>
		</bndbox>
	</object>
	<object>
		<name>triticale</name>
		<pose>Unspecified</pose>
		<truncated>1</truncated>
		<difficult>0</difficult>
		<bndbox>
			<xmin>378</xmin>
			<ymin>1</ymin>
			<xmax>434</xmax>
			<ymax>101</ymax>
		</bndbox>
	</object>
</annotation>
