<annotation>
	<folder>train</folder>
	<filename>m22.jpeg</filename>
	<path>C:\Users\Mirco\Documents\Tensorflow\workspace\training_demo\images\train\m22.jpeg</path>
	<source>
		<database>Unknown</database>
	</source>
	<size>
		<width>512</width>
		<height>512</height>
		<depth>3</depth>
	</size>
	<segmented>0</segmented>
	<object>
		<name>mais</name>
		<pose>Unspecified</pose>
		<truncated>0</truncated>
		<difficult>0</difficult>
		<bndbox>
			<xmin>142</xmin>
			<ymin>55</ymin>
			<xmax>298</xmax>
			<ymax>216</ymax>
		</bndbox>
	</object>
	<object>
		<name>mais</name>
		<pose>Unspecified</pose>
		<truncated>0</truncated>
		<difficult>0</difficult>
		<bndbox>
			<xmin>262</xmin>
			<ymin>337</ymin>
			<xmax>430</xmax>
			<ymax>485</ymax>
		</bndbox>
	</object>
</annotation>
