<annotation>
	<folder>train</folder>
	<filename>m4.jpeg</filename>
	<path>C:\Users\Mirco\Documents\Tensorflow\workspace\training_demo\images\train\m4.jpeg</path>
	<source>
		<database>Unknown</database>
	</source>
	<size>
		<width>512</width>
		<height>512</height>
		<depth>3</depth>
	</size>
	<segmented>0</segmented>
	<object>
		<name>mais</name>
		<pose>Unspecified</pose>
		<truncated>0</truncated>
		<difficult>0</difficult>
		<bndbox>
			<xmin>119</xmin>
			<ymin>98</ymin>
			<xmax>285</xmax>
			<ymax>245</ymax>
		</bndbox>
	</object>
	<object>
		<name>mais</name>
		<pose>Unspecified</pose>
		<truncated>0</truncated>
		<difficult>0</difficult>
		<bndbox>
			<xmin>337</xmin>
			<ymin>312</ymin>
			<xmax>469</xmax>
			<ymax>481</ymax>
		</bndbox>
	</object>
	<object>
		<name>mais</name>
		<pose>Unspecified</pose>
		<truncated>0</truncated>
		<difficult>0</difficult>
		<bndbox>
			<xmin>48</xmin>
			<ymin>321</ymin>
			<xmax>197</xmax>
			<ymax>447</ymax>
		</bndbox>
	</object>
</annotation>
