<annotation>
	<folder>train</folder>
	<filename>m7.jpeg</filename>
	<path>C:\Users\Mirco\Documents\Tensorflow\workspace\training_demo\images\train\m7.jpeg</path>
	<source>
		<database>Unknown</database>
	</source>
	<size>
		<width>512</width>
		<height>512</height>
		<depth>3</depth>
	</size>
	<segmented>0</segmented>
	<object>
		<name>mais</name>
		<pose>Unspecified</pose>
		<truncated>0</truncated>
		<difficult>0</difficult>
		<bndbox>
			<xmin>181</xmin>
			<ymin>98</ymin>
			<xmax>323</xmax>
			<ymax>241</ymax>
		</bndbox>
	</object>
	<object>
		<name>mais</name>
		<pose>Unspecified</pose>
		<truncated>0</truncated>
		<difficult>0</difficult>
		<bndbox>
			<xmin>293</xmin>
			<ymin>278</ymin>
			<xmax>440</xmax>
			<ymax>442</ymax>
		</bndbox>
	</object>
	<object>
		<name>mais</name>
		<pose>Unspecified</pose>
		<truncated>0</truncated>
		<difficult>0</difficult>
		<bndbox>
			<xmin>84</xmin>
			<ymin>301</ymin>
			<xmax>223</xmax>
			<ymax>421</ymax>
		</bndbox>
	</object>
</annotation>
